"C(7,23,22)","2140"
"C(7,23,21)","2139"
"C(7,23,20)","2138"
"C(7,23,19)","2137"
"C(7,23,17)","2135"
"C(7,23,15)","2133"
"C(7,23,13)","2131"
"C(7,23,11)","2129"
"C(7,23,8)","2126"
"C(7,23,4)","2122"
"C(7,23,3)","2121"
"C(7,23,0)","2119"
"C(7,23,1)","2118"
"C(7,22,19)","2114"
"C(7,22,15)","2110"
"C(7,22,10)","2105"
"C(7,22,8)","2103"
"C(7,22,0)","2096"
"C(7,21,21)","2094"
"C(7,21,18)","2091"
"C(7,21,17)","2090"
"C(7,21,16)","2089"
"C(7,21,13)","2086"
"C(7,21,11)","2084"
"C(7,21,7)","2080"
"C(7,21,5)","2078"
"C(7,21,4)","2077"
"C(7,21,0)","2074"
"C(7,20,17)","2069"
"C(7,20,11)","2063"
"C(7,20,7)","2059"
"C(7,20,6)","2058"
"C(7,20,3)","2055"
"C(7,20,2)","2054"
"C(7,20,0)","2053"
"C(7,19,19)","2051"
"C(7,19,17)","2049"
"C(7,19,15)","2047"
"C(7,19,12)","2044"
"C(7,19,10)","2042"
"C(7,19,7)","2039"
"C(7,19,5)","2037"
"C(7,19,0)","2033"
"C(7,18,17)","2030"
"C(7,18,15)","2028"
"C(7,18,14)","2027"
"C(7,18,11)","2024"
"C(7,18,8)","2021"
"C(7,18,2)","2015"
"C(7,18,0)","2014"
"C(7,18,1)","2013"
"C(7,17,16)","2011"
"C(7,17,15)","2010"
"C(7,17,12)","2007"
"C(7,17,10)","2005"
"C(7,20,10)","2062"
"C(7,17,9)","2004"
"C(7,17,8)","2003"
"C(7,17,6)","2001"
"C(7,17,2)","1997"
"C(7,22,12)","2107"
"C(7,17,0)","1996"
"C(7,17,1)","1995"
"C(7,16,16)","1994"
"C(7,16,15)","1993"
"C(7,16,12)","1990"
"C(7,16,11)","1989"
"C(7,16,9)","1987"
"C(7,16,8)","1986"
"C(7,16,5)","1983"
"C(7,20,19)","2071"
"C(7,16,4)","1982"
"C(7,16,3)","1981"
"C(7,15,8)","1970"
"C(7,15,6)","1968"
"C(7,15,3)","1965"
"C(7,15,0)","1963"
"C(7,14,14)","1961"
"C(7,14,8)","1955"
"C(7,14,6)","1953"
"C(7,14,2)","1949"
"C(7,13,12)","1945"
"C(7,13,11)","1944"
"C(7,13,10)","1943"
"C(7,13,6)","1939"
"C(7,13,5)","1938"
"C(7,13,3)","1936"
"C(7,13,2)","1935"
"C(7,13,0)","1934"
"C(7,13,1)","1933"
"C(7,12,11)","1930"
"C(7,12,8)","1927"
"C(7,12,6)","1925"
"C(7,12,2)","1921"
"C(7,20,4)","2056"
"C(7,11,10)","1918"
"C(7,11,5)","1913"
"C(7,11,4)","1912"
"C(7,11,3)","1911"
"C(7,11,0)","1908"
"C(7,10,7)","1904"
"C(7,10,5)","1902"
"C(7,10,0)","1898"
"C(7,10,1)","1897"
"C(7,9,9)","1896"
"C(7,9,6)","1892"
"C(7,9,4)","1890"
"C(7,9,2)","1888"
"C(7,9,1)","1886"
"C(7,8,7)","1885"
"C(7,10,8)","1905"
"C(7,8,0)","1878"
"C(7,7,6)","1876"
"C(7,7,5)","1875"
"C(7,7,4)","1874"
"C(7,7,2)","1872"
"C(7,7,1)","1870"
"C(7,5,5)","1868"
"C(7,6,4)","1866"
"C(7,6,3)","1865"
"C(7,6,2)","1864"
"C(7,5,4)","1861"
"C(7,5,0)","1857"
"C(7,4,3)","1855"
"C(7,19,6)","2038"
"C(7,4,0)","1853"
"C(7,3,3)","1851"
"C(7,3,2)","1850"
"C(7,2,1)","1844"
"C(6,23,23)","1842"
"C(6,23,22)","1841"
"C(6,23,21)","1840"
"C(6,23,18)","1837"
"C(6,23,15)","1834"
"C(6,23,14)","1833"
"C(6,23,10)","1829"
"C(6,23,9)","1828"
"C(6,23,6)","1825"
"C(7,22,22)","2117"
"C(6,23,5)","1824"
"C(6,23,2)","1821"
"C(7,20,1)","2052"
"C(6,23,0)","1820"
"C(6,23,1)","1819"
"C(6,22,21)","1817"
"C(7,22,3)","2098"
"C(7,12,0)","1920"
"C(6,22,19)","1815"
"C(6,22,18)","1814"
"C(6,22,16)","1812"
"C(7,9,3)","1889"
"C(6,22,14)","1810"
"C(6,22,11)","1807"
"C(6,22,9)","1805"
"C(6,22,8)","1804"
"C(6,22,6)","1802"
"C(6,22,5)","1801"
"C(6,22,3)","1799"
"C(7,12,7)","1926"
"C(6,22,10)","1806"
"C(6,22,2)","1798"
"C(6,22,0)","1797"
"C(6,21,20)","1794"
"C(6,21,19)","1793"
"C(6,21,16)","1790"
"C(6,21,13)","1787"
"C(6,21,12)","1786"
"C(7,19,4)","2036"
"C(6,23,4)","1823"
"C(6,21,11)","1785"
"C(6,21,10)","1784"
"C(6,21,8)","1782"
"C(6,23,13)","1832"
"C(6,21,6)","1780"
"C(6,21,3)","1777"
"C(6,21,0)","1775"
"C(6,20,18)","1771"
"C(6,20,17)","1770"
"C(6,20,15)","1768"
"C(6,20,13)","1766"
"C(6,20,11)","1764"
"C(6,20,10)","1763"
"C(6,20,8)","1761"
"C(6,20,6)","1759"
"C(6,20,0)","1754"
"C(6,20,1)","1753"
"C(6,19,19)","1752"
"C(7,15,12)","1974"
"C(6,19,18)","1751"
"C(6,19,17)","1750"
"C(7,6,5)","1867"
"C(6,19,15)","1748"
"C(6,19,14)","1747"
"C(6,19,11)","1744"
"C(6,19,8)","1741"
"C(6,19,5)","1738"
"C(6,19,4)","1737"
"C(6,19,0)","1734"
"C(6,18,18)","1732"
"C(6,18,15)","1729"
"C(6,18,13)","1727"
"C(6,18,11)","1725"
"C(7,20,14)","2066"
"C(6,18,9)","1723"
"C(6,18,8)","1722"
"C(6,18,0)","1715"
"C(6,17,17)","1713"
"C(6,17,16)","1712"
"C(7,10,3)","1900"
"C(6,17,15)","1711"
"C(6,17,13)","1709"
"C(6,17,12)","1708"
"C(6,17,11)","1707"
"C(6,17,9)","1705"
"C(6,17,8)","1704"
"C(6,17,7)","1703"
"C(7,21,8)","2081"
"C(6,17,6)","1702"
"C(6,17,5)","1701"
"C(7,19,9)","2041"
"C(6,22,17)","1813"
"C(6,17,4)","1700"
"C(7,3,0)","1849"
"C(6,17,3)","1699"
"C(6,17,0)","1697"
"C(6,16,16)","1695"
"C(6,21,5)","1779"
"C(6,16,14)","1692"
"C(6,16,11)","1689"
"C(6,16,10)","1688"
"C(6,16,7)","1685"
"C(6,16,6)","1684"
"C(6,16,4)","1682"
"C(6,16,0)","1679"
"C(7,12,1)","1919"
"C(6,16,1)","1678"
"C(6,15,13)","1676"
"C(6,15,12)","1675"
"C(6,17,1)","1696"
"C(6,15,6)","1669"
"C(7,1,1)","1846"
"C(6,15,4)","1667"
"C(6,15,1)","1664"
"C(6,14,14)","1662"
"C(6,14,12)","1659"
"C(6,14,11)","1658"
"C(6,14,5)","1652"
"C(6,14,4)","1651"
"C(6,14,0)","1648"
"C(6,14,1)","1647"
"C(6,13,12)","1646"
"C(7,18,18)","2031"
"C(6,13,11)","1645"
"C(6,13,10)","1644"
"C(6,13,9)","1643"
"C(6,13,8)","1642"
"C(6,13,7)","1641"
"C(6,13,6)","1640"
"C(6,13,5)","1639"
"C(7,12,10)","1929"
"C(6,13,3)","1637"
"C(7,21,15)","2088"
"C(6,13,2)","1636"
"C(6,13,1)","1635"
"C(6,13,0)","1634"
"C(6,12,10)","1631"
"C(6,12,9)","1630"
"C(6,12,8)","1629"
"C(6,12,5)","1626"
"C(6,12,2)","1623"
"C(6,12,1)","1621"
"C(6,11,10)","1619"
"C(6,11,7)","1616"
"C(6,11,2)","1611"
"C(7,18,12)","2025"
"C(6,11,0)","1610"
"C(6,11,1)","1609"
"C(6,10,9)","1607"
"C(7,17,3)","1998"
"C(6,10,7)","1605"
"C(7,18,16)","2029"
"C(6,10,6)","1604"
"C(6,10,5)","1603"
"C(6,16,8)","1686"
"C(6,10,4)","1602"
"C(6,23,20)","1839"
"C(6,10,3)","1601"
"C(6,10,0)","1599"
"C(6,9,9)","1597"
"C(6,9,7)","1595"
"C(6,9,4)","1592"
"C(6,9,2)","1590"
"C(6,8,8)","1587"
"C(7,18,5)","2018"
"C(6,7,7)","1586"
"C(6,8,6)","1584"
"C(6,8,4)","1582"
"C(6,8,3)","1581"
"C(6,8,2)","1580"
"C(6,8,1)","1578"
"C(7,4,1)","1852"
"C(6,7,6)","1577"
"C(6,7,5)","1576"
"C(6,8,5)","1583"
"C(6,7,3)","1574"
"C(6,7,2)","1573"
"C(6,6,6)","1570"
"C(6,6,5)","1569"
"C(6,6,3)","1567"
"C(7,12,12)","1932"
"C(6,6,2)","1566"
"C(6,6,0)","1565"
"C(6,5,5)","1563"
"C(6,5,0)","1559"
"C(6,17,2)","1698"
"C(6,5,1)","1558"
"C(6,4,4)","1557"
"C(6,4,2)","1555"
"C(6,4,1)","1553"
"C(6,3,3)","1552"
"C(6,3,1)","1549"
"C(6,1,0)","1544"
"C(5,23,23)","1543"
"C(5,23,22)","1542"
"C(5,23,21)","1541"
"C(7,13,9)","1942"
"C(5,23,19)","1539"
"C(6,9,0)","1589"
"C(5,23,17)","1537"
"C(5,23,16)","1536"
"C(5,23,14)","1534"
"C(5,23,13)","1533"
"C(5,23,11)","1531"
"C(5,23,8)","1528"
"C(5,23,5)","1525"
"C(7,15,5)","1967"
"C(5,23,4)","1524"
"C(7,15,13)","1975"
"C(7,12,4)","1923"
"C(5,23,0)","1521"
"C(6,18,16)","1730"
"C(5,22,22)","1519"
"C(6,19,10)","1743"
"C(5,22,21)","1518"
"C(7,22,4)","2099"
"C(5,22,20)","1517"
"C(5,22,19)","1516"
"C(5,22,18)","1515"
"C(5,22,17)","1514"
"C(5,22,16)","1513"
"C(5,22,8)","1505"
"C(5,22,6)","1503"
"C(7,16,6)","1984"
"C(5,22,3)","1500"
"C(6,14,7)","1654"
"C(5,22,2)","1499"
"C(5,21,20)","1495"
"C(5,21,19)","1494"
"C(5,21,17)","1492"
"C(7,2,0)","1845"
"C(5,21,16)","1491"
"C(7,7,3)","1873"
"C(5,21,15)","1490"
"C(5,21,13)","1488"
"C(5,21,12)","1487"
"C(5,21,8)","1483"
"C(5,21,7)","1482"
"C(5,21,6)","1481"
"C(5,21,5)","1480"
"C(5,21,11)","1486"
"C(5,21,4)","1479"
"C(5,21,3)","1478"
"C(7,7,7)","1877"
"C(5,20,20)","1474"
"C(5,20,18)","1472"
"C(5,20,16)","1470"
"C(5,20,12)","1466"
"C(5,20,11)","1465"
"C(5,20,7)","1461"
"C(5,21,10)","1485"
"C(5,19,19)","1453"
"C(5,18,18)","1452"
"C(5,19,17)","1450"
"C(5,20,1)","1454"
"C(5,19,16)","1449"
"C(5,19,15)","1448"
"C(5,19,12)","1445"
"C(5,19,11)","1444"
"C(5,19,10)","1443"
"C(5,19,9)","1442"
"C(5,19,8)","1441"
"C(5,19,5)","1438"
"C(6,18,5)","1719"
"C(5,19,0)","1434"
"C(5,19,1)","1433"
"C(5,18,17)","1432"
"C(5,18,16)","1431"
"C(7,11,7)","1915"
"C(6,7,1)","1572"
"C(5,18,11)","1426"
"C(7,13,8)","1941"
"C(6,11,4)","1613"
"C(5,18,10)","1425"
"C(5,18,7)","1422"
"C(5,18,6)","1421"
"C(7,14,0)","1948"
"C(5,18,3)","1418"
"C(5,23,2)","1522"
"C(5,18,2)","1417"
"C(5,18,1)","1416"
"C(7,17,11)","2006"
"C(5,18,0)","1415"
"C(5,17,16)","1413"
"C(5,23,1)","1520"
"C(5,17,14)","1411"
"C(5,17,13)","1410"
"C(5,17,11)","1408"
"C(5,17,10)","1407"
"C(6,23,19)","1838"
"C(5,17,9)","1406"
"C(5,17,7)","1404"
"C(5,17,2)","1399"
"C(5,17,0)","1398"
"C(5,17,1)","1397"
"C(5,16,15)","1395"
"C(5,16,14)","1394"
"C(6,4,3)","1556"
"C(5,16,13)","1393"
"C(5,16,12)","1392"
"C(5,16,11)","1391"
"C(5,16,9)","1389"
"C(5,16,8)","1388"
"C(5,20,5)","1459"
"C(5,16,7)","1387"
"C(5,16,2)","1382"
"C(5,16,0)","1381"
"C(7,10,10)","1907"
"C(5,15,15)","1379"
"C(5,15,14)","1378"
"C(5,15,13)","1377"
"C(5,15,12)","1376"
"C(5,15,11)","1375"
"C(5,15,10)","1374"
"C(5,23,10)","1530"
"C(5,15,5)","1369"
"C(7,21,20)","2093"
"C(5,15,4)","1368"
"C(7,15,2)","1964"
"C(5,15,2)","1366"
"C(7,5,3)","1860"
"C(5,15,1)","1364"
"C(5,14,11)","1360"
"C(5,14,10)","1359"
"C(5,14,9)","1358"
"C(7,22,5)","2100"
"C(5,14,7)","1356"
"C(5,14,3)","1352"
"C(5,14,2)","1351"
"C(5,14,0)","1350"
"C(5,14,1)","1349"
"C(5,12,12)","1347"
"C(5,13,11)","1345"
"C(6,16,5)","1683"
"C(5,13,9)","1343"
"C(5,13,8)","1342"
"C(5,13,5)","1339"
"C(5,13,3)","1337"
"C(6,20,12)","1765"
"C(5,13,2)","1336"
"C(5,13,0)","1335"
"C(5,13,1)","1334"
"C(5,12,11)","1333"
"C(5,12,7)","1329"
"C(5,12,6)","1328"
"C(5,13,12)","1346"
"C(5,12,5)","1327"
"C(5,12,4)","1326"
"C(5,12,3)","1325"
"C(5,12,2)","1324"
"C(5,12,0)","1322"
"C(5,11,9)","1319"
"C(7,18,6)","2019"
"C(5,11,8)","1318"
"C(5,22,1)","1497"
"C(5,11,7)","1317"
"C(5,20,6)","1460"
"C(5,16,10)","1390"
"C(5,11,0)","1311"
"C(6,20,3)","1756"
"C(5,18,5)","1420"
"C(5,11,1)","1310"
"C(6,23,16)","1835"
"C(5,10,10)","1309"
"C(5,10,8)","1307"
"C(5,10,7)","1306"
"C(5,10,6)","1305"
"C(6,19,6)","1739"
"C(5,10,5)","1304"
"C(6,7,4)","1575"
"C(5,10,4)","1303"
"C(5,10,3)","1302"
"C(7,1,0)","1843"
"C(5,10,1)","1299"
"C(5,9,9)","1298"
"C(6,20,4)","1757"
"C(5,15,9)","1373"
"C(5,9,8)","1297"
"C(5,9,4)","1293"
"C(5,9,3)","1292"
"C(5,9,2)","1291"
"C(6,18,7)","1721"
"C(5,9,1)","1289"
"C(5,8,8)","1288"
"C(5,15,7)","1371"
"C(5,8,5)","1285"
"C(5,8,0)","1281"
"C(5,8,1)","1280"
"C(5,7,7)","1279"
"C(7,23,6)","2124"
"C(5,7,6)","1278"
"C(5,7,4)","1276"
"C(7,23,7)","2125"
"C(6,18,4)","1718"
"C(5,7,0)","1273"
"C(5,6,6)","1271"
"C(5,6,5)","1270"
"C(5,6,4)","1269"
"C(5,6,3)","1268"
"C(5,6,2)","1267"
"C(5,17,17)","1414"
"C(5,5,5)","1264"
"C(5,5,4)","1262"
"C(6,21,7)","1781"
"C(5,5,3)","1261"
"C(5,5,2)","1260"
"C(5,5,1)","1258"
"C(5,4,3)","1257"
"C(5,4,2)","1256"
"C(5,4,1)","1255"
"C(5,4,0)","1254"
"C(5,3,3)","1253"
"C(5,3,0)","1251"
"C(6,21,17)","1791"
"C(5,3,1)","1250"
"C(5,2,2)","1249"
"C(5,2,0)","1247"
"C(5,2,1)","1246"
"C(4,23,21)","1242"
"C(5,23,7)","1527"
"C(4,23,20)","1241"
"C(5,18,12)","1427"
"C(4,23,19)","1240"
"C(5,14,12)","1361"
"C(4,23,17)","1238"
"C(4,23,16)","1237"
"C(4,23,15)","1236"
"C(4,23,14)","1235"
"C(4,23,13)","1234"
"C(4,23,10)","1231"
"C(4,23,9)","1230"
"C(6,22,20)","1816"
"C(4,23,7)","1228"
"C(4,23,6)","1227"
"C(6,22,4)","1800"
"C(4,23,5)","1226"
"C(4,23,4)","1225"
"C(4,23,3)","1224"
"C(4,23,2)","1223"
"C(4,22,20)","1218"
"C(4,22,17)","1215"
"C(4,22,15)","1213"
"C(4,22,13)","1211"
"C(4,22,12)","1210"
"C(4,22,10)","1208"
"C(4,22,9)","1207"
"C(4,22,8)","1206"
"C(6,18,1)","1714"
"C(6,11,3)","1612"
"C(4,22,6)","1204"
"C(4,22,5)","1203"
"C(7,23,16)","2134"
"C(7,15,14)","1976"
"C(7,9,7)","1893"
"C(4,22,4)","1202"
"C(4,22,0)","1199"
"C(4,21,20)","1196"
"C(4,21,19)","1195"
"C(5,9,5)","1294"
"C(4,21,18)","1194"
"C(4,21,16)","1192"
"C(4,21,15)","1191"
"C(4,21,14)","1190"
"C(4,21,13)","1189"
"C(4,21,12)","1188"
"C(6,18,12)","1726"
"C(5,16,6)","1386"
"C(4,21,11)","1187"
"C(4,23,0)","1222"
"C(4,21,10)","1186"
"C(4,21,9)","1185"
"C(4,21,7)","1183"
"C(4,21,6)","1182"
"C(5,20,8)","1462"
"C(4,21,2)","1178"
"C(7,23,12)","2130"
"C(4,21,0)","1177"
"C(4,21,1)","1176"
"C(4,19,19)","1174"
"C(5,23,12)","1532"
"C(4,20,19)","1173"
"C(4,20,18)","1172"
"C(4,20,17)","1171"
"C(7,20,12)","2064"
"C(4,20,15)","1169"
"C(4,20,14)","1168"
"C(4,20,8)","1162"
"C(4,20,7)","1161"
"C(4,20,6)","1160"
"C(4,20,3)","1157"
"C(4,20,0)","1155"
"C(4,19,18)","1153"
"C(4,19,16)","1151"
"C(6,15,3)","1666"
"C(4,19,15)","1150"
"C(7,14,10)","1957"
"C(4,19,14)","1149"
"C(6,12,7)","1628"
"C(5,14,4)","1353"
"C(4,19,10)","1145"
"C(4,19,8)","1143"
"C(4,19,6)","1141"
"C(4,19,5)","1140"
"C(4,19,4)","1139"
"C(4,19,3)","1138"
"C(4,19,2)","1137"
"C(4,19,1)","1136"
"C(4,19,0)","1135"
"C(5,20,2)","1456"
"C(4,23,23)","1244"
"C(4,18,17)","1133"
"C(7,22,16)","2111"
"C(6,10,10)","1608"
"C(4,18,15)","1131"
"C(4,18,13)","1129"
"C(4,18,11)","1127"
"C(4,18,10)","1126"
"C(7,6,0)","1863"
"C(6,20,19)","1772"
"C(6,16,3)","1681"
"C(4,18,9)","1125"
"C(4,18,8)","1124"
"C(4,18,7)","1123"
"C(4,18,6)","1122"
"C(4,18,5)","1121"
"C(4,18,4)","1120"
"C(4,18,3)","1119"
"C(6,19,13)","1746"
"C(6,19,2)","1735"
"C(4,18,2)","1118"
"C(5,22,11)","1508"
"C(4,18,0)","1117"
"C(5,22,13)","1510"
"C(4,18,1)","1116"
"C(4,17,17)","1115"
"C(4,21,3)","1179"
"C(4,16,16)","1114"
"C(5,16,5)","1385"
"C(3,15,15)","782"
"C(2,18,8)","527"
"C(6,15,0)","1663"
"C(1,23,22)","347"
"C(5,14,13)","1362"
"C(2,18,2)","521"
"C(4,17,4)","1101"
"C(2,18,0)","520"
"C(6,14,3)","1650"
"C(3,23,17)","940"
"C(2,17,16)","517"
"C(6,9,5)","1593"
"C(3,11,6)","719"
"C(7,18,4)","2017"
"C(4,9,9)","999"
"C(5,13,6)","1340"
"C(2,17,15)","516"
"C(2,8,3)","387"
"C(3,13,3)","741"
"C(2,17,13)","514"
"C(6,21,2)","1776"
"C(2,15,8)","476"
"C(1,17,16)","218"
"C(7,8,4)","1882"
"C(2,17,8)","509"
"C(2,21,18)","596"
"C(5,15,3)","1367"
"C(2,17,5)","506"
"C(1,18,1)","219"
"C(2,17,0)","502"
"C(1,19,6)","245"
"C(4,22,21)","1219"
"C(2,21,2)","580"
"C(5,17,8)","1405"
"C(2,19,3)","541"
"C(7,23,23)","2141"
"C(1,16,13)","198"
"C(2,16,12)","496"
"C(2,16,10)","494"
"C(6,21,21)","1795"
"C(2,16,9)","493"
"C(2,16,6)","490"
"C(2,16,5)","489"
"C(7,6,6)","1869"
"C(1,10,0)","104"
"C(7,22,14)","2109"
"C(3,22,13)","913"
"C(2,19,1)","538"
"C(2,17,1)","501"
"C(2,15,10)","478"
"C(1,19,16)","255"
"C(5,1,1)","1248"
"C(2,20,17)","575"
"C(7,8,5)","1883"
"C(2,15,6)","474"
"C(7,16,2)","1980"
"C(2,15,5)","473"
"C(7,19,3)","2035"
"C(2,14,14)","467"
"C(5,16,16)","1396"
"C(2,14,13)","466"
"C(7,21,3)","2076"
"C(5,11,11)","1321"
"C(2,14,12)","465"
"C(4,16,5)","1086"
"C(1,21,21)","323"
"C(4,14,0)","1051"
"C(2,17,2)","503"
"C(4,16,10)","1091"
"C(6,19,3)","1736"
"C(6,18,14)","1728"
"C(2,7,5)","381"
"C(3,13,1)","738"
"C(3,20,13)","870"
"C(5,20,19)","1473"
"C(5,7,3)","1275"
"C(3,2,2)","655"
"C(2,13,13)","452"
"C(7,22,7)","2102"
"C(2,13,12)","451"
"C(6,21,15)","1789"
"C(2,12,3)","429"
"C(2,13,11)","450"
"C(2,17,4)","505"
"C(1,18,2)","221"
"C(6,20,16)","1769"
"C(6,16,15)","1693"
"C(2,13,8)","447"
"C(6,15,14)","1677"
"C(3,21,18)","896"
"C(3,9,5)","697"
"C(6,2,2)","1548"
"C(2,13,5)","444"
"C(6,1,1)","1547"
"C(2,12,12)","438"
"C(2,12,11)","437"
"C(2,12,10)","436"
"C(3,6,3)","671"
"C(2,20,9)","567"
"C(6,22,15)","1811"
"C(1,14,4)","158"
"C(4,9,2)","992"
"C(2,10,10)","424"
"C(2,11,10)","423"
"C(4,13,8)","1044"
"C(2,11,8)","421"
"C(2,14,1)","453"
"C(4,12,12)","1035"
"C(2,11,0)","414"
"C(2,10,9)","412"
"C(2,10,8)","411"
"C(2,16,8)","492"
"C(2,10,7)","410"
"C(2,10,5)","408"
"C(2,10,2)","405"
"C(5,1,0)","1245"
"C(1,9,5)","99"
"C(2,9,9)","402"
"C(1,16,7)","192"
"C(3,23,1)","924"
"C(2,9,7)","400"
"C(2,17,3)","504"
"O(2,2)","2"
"C(7,15,9)","1971"
"C(2,9,6)","399"
"C(4,18,14)","1130"
"C(4,11,10)","1021"
"C(1,21,4)","284"
"C(2,14,9)","462"
"C(7,13,13)","1946"
"C(5,14,8)","1357"
"C(3,13,8)","746"
"C(2,9,4)","397"
"C(2,9,3)","396"
"O(3,5)","21"
"C(5,8,2)","1282"
"C(4,21,21)","1197"
"C(4,9,5)","995"
"C(7,14,5)","1952"
"C(3,18,0)","819"
"C(3,11,2)","715"
"C(2,8,8)","392"
"C(2,7,6)","382"
"C(4,20,13)","1167"
"C(1,21,5)","285"
"C(2,7,1)","376"
"C(2,6,2)","371"
"C(5,15,6)","1370"
"C(1,22,0)","302"
"C(3,16,5)","788"
"C(2,16,1)","484"
"C(2,21,17)","595"
"C(5,14,14)","1363"
"C(2,13,2)","441"
"C(2,5,0)","364"
"C(7,11,1)","1909"
"C(2,15,13)","481"
"O(2,7)","17"
"C(7,23,10)","2128"
"C(2,5,1)","363"
"C(2,4,4)","362"
"C(3,11,4)","717"
"C(2,19,14)","552"
"C(2,4,0)","359"
"C(7,18,7)","2020"
"C(2,4,1)","358"
"C(7,6,1)","1862"
"C(1,7,7)","84"
"C(2,18,9)","528"
"C(2,2,2)","353"
"C(4,22,3)","1201"
"C(2,11,9)","422"
"C(2,1,1)","352"
"O(1,3)","44"
"C(2,2,1)","350"
"C(4,16,8)","1089"
"C(1,23,23)","348"
"C(2,12,9)","435"
"C(1,23,21)","346"
"C(4,4,2)","956"
"C(6,13,13)","1661"
"C(1,23,20)","345"
"C(4,22,19)","1217"
"C(3,2,0)","649"
"C(7,22,1)","2095"
"C(3,20,8)","865"
"C(1,23,17)","342"
"C(2,20,8)","566"
"C(1,23,11)","336"
"C(2,23,20)","643"
"C(3,22,22)","922"
"C(2,2,0)","351"
"C(1,23,10)","335"
"C(1,23,5)","330"
"C(2,16,7)","491"
"C(2,15,1)","468"
"O(4,5)","26"
"C(1,23,1)","325"
"C(2,19,2)","540"
"C(1,20,17)","276"
"C(3,7,2)","676"
"C(6,21,1)","1774"
"C(1,22,19)","320"
"C(6,16,2)","1680"
"C(5,23,6)","1526"
"C(1,22,15)","316"
"C(2,5,5)","368"
"C(7,18,3)","2016"
"C(2,14,0)","454"
"C(6,14,2)","1649"
"C(4,18,16)","1132"
"C(1,20,16)","275"
"C(3,23,3)","926"
"C(1,22,13)","314"
"C(4,11,2)","1013"
"C(2,15,4)","472"
"C(6,15,9)","1672"
"C(2,22,9)","610"
"C(3,14,2)","754"
"C(1,22,9)","310"
"C(4,20,5)","1159"
"C(2,5,3)","366"
"C(1,22,22)","324"
"C(1,22,5)","306"
"C(2,7,4)","380"
"C(1,23,12)","337"
"C(5,20,9)","1463"
"C(1,23,8)","333"
"C(4,18,12)","1128"
"C(1,9,7)","101"
"C(2,18,13)","532"
"C(4,14,1)","1050"
"C(7,19,2)","2034"
"C(1,22,1)","301"
"C(5,17,12)","1409"
"C(3,5,3)","665"
"C(2,17,14)","515"
"C(6,6,4)","1568"
"C(5,16,4)","1384"
"C(1,23,16)","341"
"C(1,21,20)","300"
"C(1,19,10)","249"
"C(1,21,18)","298"
"C(1,21,17)","297"
"C(1,21,19)","299"
"C(1,21,14)","294"
"C(2,9,1)","393"
"C(3,7,6)","680"
"C(4,13,5)","1041"
"C(2,16,3)","487"
"C(4,19,13)","1148"
"O(4,3)","25"
"C(1,23,7)","332"
"C(1,21,13)","293"
"C(1,14,13)","167"
"C(1,21,12)","292"
"C(1,21,11)","291"
"C(5,8,3)","1283"
"C(1,21,10)","290"
"C(7,15,4)","1966"
"C(3,14,10)","762"
"C(2,3,1)","354"
"C(2,15,12)","480"
"C(1,21,9)","289"
"C(1,20,1)","259"
"C(3,13,7)","745"
"C(6,20,14)","1767"
"C(6,3,2)","1551"
"C(3,22,1)","900"
"C(1,21,3)","283"
"C(7,22,13)","2108"
"C(3,14,5)","757"
"C(4,22,1)","1198"
"C(4,21,5)","1181"
"C(3,10,8)","710"
"C(2,18,15)","534"
"C(3,16,2)","785"
"C(1,20,15)","274"
"C(6,12,4)","1625"
"C(5,20,10)","1464"
"C(1,20,12)","271"
"C(5,5,0)","1259"
"C(1,20,20)","279"
"C(6,22,7)","1803"
"C(2,16,0)","485"
"C(1,19,17)","256"
"C(4,11,9)","1020"
"C(7,15,15)","1977"
"C(7,14,13)","1960"
"C(2,17,11)","512"
"C(1,22,8)","309"
"C(4,1,0)","946"
"C(4,7,0)","974"
"C(5,7,1)","1272"
"C(4,8,1)","981"
"C(6,14,8)","1655"
"C(5,9,6)","1295"
"C(1,20,7)","266"
"C(7,19,8)","2040"
"C(1,20,5)","264"
"C(6,5,4)","1562"
"C(2,8,4)","388"
"C(1,20,4)","263"
"C(7,20,13)","2065"
"C(2,10,1)","404"
"C(4,16,7)","1088"
"C(5,11,10)","1320"
"C(1,23,6)","331"
"C(2,8,0)","385"
"O(7,6)","43"
"C(6,22,22)","1818"
"C(2,15,7)","475"
"C(1,17,6)","208"
"C(4,18,18)","1134"
"C(1,20,2)","261"
"C(2,21,0)","579"
"C(1,19,19)","258"
"C(1,23,3)","328"
"C(1,10,10)","114"
"C(6,12,3)","1624"
"C(1,10,5)","108"
"C(1,3,2)","57"
"C(2,22,13)","614"
"C(7,22,11)","2106"
"C(2,21,7)","585"
"C(1,18,6)","225"
"C(4,14,13)","1063"
"C(1,10,4)","107"
"C(5,13,7)","1341"
"C(2,21,13)","591"
"C(3,20,0)","858"
"C(2,18,12)","531"
"C(2,20,5)","563"
"C(4,5,5)","965"
"C(4,12,10)","1033"
"C(5,22,10)","1507"
"C(1,9,2)","96"
"C(1,17,7)","209"
"C(1,17,5)","207"
"C(2,14,8)","461"
"C(7,14,12)","1959"
"C(1,10,7)","110"
"C(1,10,3)","106"
"C(3,7,7)","682"
"C(6,22,1)","1796"
"C(3,14,8)","760"
"C(1,21,16)","296"
"C(1,20,19)","278"
"C(1,10,2)","105"
"C(1,11,0)","116"
"C(1,15,12)","180"
"C(5,12,10)","1332"
"C(2,12,7)","433"
"C(1,9,4)","98"
"C(2,18,7)","526"
"C(2,14,4)","457"
"C(4,15,0)","1066"
"C(5,17,6)","1403"
"C(1,9,3)","97"
"C(4,20,9)","1163"
"C(1,9,0)","94"
"C(7,3,1)","1848"
"C(5,23,3)","1523"
"C(3,23,19)","942"
"C(5,8,7)","1287"
"C(1,22,20)","321"
"C(2,17,17)","518"
"C(7,2,2)","1847"
"C(2,22,17)","618"
"C(1,15,14)","182"
"C(1,8,6)","91"
"C(5,22,4)","1501"
"C(1,21,0)","280"
"C(2,15,2)","470"
"C(3,4,3)","660"
"O(5,2)","29"
"C(1,8,5)","90"
"C(2,4,2)","360"
"C(4,21,8)","1184"
"C(3,17,13)","813"
"C(3,13,6)","744"
"C(6,10,8)","1606"
"C(1,17,15)","217"
"C(1,21,15)","295"
"C(1,8,3)","88"
"C(5,10,0)","1300"
"C(3,16,12)","795"
"C(1,8,0)","86"
"C(7,22,17)","2112"
"C(2,20,4)","562"
"C(3,14,0)","753"
"C(3,20,3)","860"
"C(4,17,2)","1099"
"C(7,18,9)","2022"
"C(1,22,12)","313"
"C(1,14,7)","161"
"C(1,8,1)","85"
"C(2,7,0)","377"
"C(2,6,3)","372"
"C(5,11,4)","1314"
"C(1,17,4)","206"
"C(1,17,14)","216"
"C(1,7,0)","78"
"C(6,17,10)","1706"
"C(5,21,18)","1493"
"C(5,17,3)","1400"
"C(4,22,18)","1216"
"C(1,11,7)","122"
"C(5,22,5)","1502"
"C(1,19,15)","254"
"C(3,10,1)","702"
"C(1,6,2)","72"
"C(7,23,2)","2120"
"O(1,1)","1"
"C(6,2,0)","1546"
"C(2,15,11)","479"
"C(4,15,6)","1071"
"O(3,6)","22"
"C(1,20,0)","260"
"C(1,16,12)","197"
"C(1,17,11)","213"
"C(3,13,5)","743"
"C(2,12,0)","427"
"C(2,14,2)","455"
"C(2,13,1)","439"
"C(1,16,10)","195"
"C(3,15,11)","778"
"C(3,17,1)","800"
"C(1,23,0)","326"
"C(2,12,5)","431"
"C(1,17,2)","204"
"C(2,10,0)","403"
"C(2,20,20)","599"
"C(2,16,14)","498"
"C(1,5,1)","64"
"C(4,23,18)","1239"
"C(3,10,9)","711"
"C(2,11,3)","416"
"C(7,12,9)","1928"
"C(6,15,2)","1665"
"C(1,8,4)","89"
"C(3,10,5)","707"
"C(1,4,4)","63"
"O(4,1)","12"
"C(1,8,7)","92"
"O(4,6)","27"
"C(7,22,20)","2115"
"C(6,22,12)","1808"
"C(1,16,2)","187"
"C(2,18,16)","535"
"C(2,12,4)","430"
"C(4,17,13)","1110"
"C(1,19,5)","244"
"C(2,19,5)","543"
"C(1,23,2)","327"
"C(2,23,7)","630"
"O(3,3)","3"
"C(7,21,14)","2087"
"C(6,20,20)","1773"
"C(2,8,5)","389"
"O(7,3)","40"
"C(6,14,10)","1657"
"C(2,23,13)","636"
"C(1,11,10)","125"
"C(1,12,3)","130"
"O(3,7)","23"
"C(1,15,6)","174"
"C(2,14,5)","458"
"C(1,11,4)","119"
"C(5,21,21)","1496"
"C(2,20,16)","574"
"C(3,17,17)","817"
"C(5,17,15)","1412"
"C(4,2,0)","948"
"C(1,12,12)","139"
"C(1,14,8)","162"
"C(1,7,6)","83"
"C(2,20,13)","571"
"C(7,20,5)","2057"
"C(5,12,8)","1330"
"C(3,18,12)","830"
"C(2,21,8)","586"
"C(4,13,4)","1040"
"C(7,14,11)","1958"
"C(6,15,5)","1668"
"C(1,12,5)","132"
"C(7,5,2)","1859"
"C(2,22,19)","620"
"C(1,13,6)","146"
"C(1,5,0)","65"
"C(5,20,3)","1457"
"C(1,16,1)","185"
"C(3,14,3)","755"
"C(1,17,1)","203"
"C(2,12,6)","432"
"C(1,22,3)","304"
"C(7,19,11)","2043"
"C(6,19,16)","1749"
"C(4,13,2)","1038"
"C(1,18,16)","235"
"C(1,12,4)","131"
"C(3,6,1)","669"
"C(2,12,1)","426"
"C(6,5,2)","1560"
"C(1,5,3)","67"
"C(1,3,1)","55"
"C(6,23,12)","1831"
"C(2,23,23)","647"
"C(7,15,11)","1973"
"O(4,4)","4"
"C(3,21,14)","892"
"C(2,6,6)","375"
"C(1,17,9)","211"
"C(1,19,18)","257"
"C(1,19,13)","252"
"C(1,11,6)","121"
"C(3,21,17)","895"
"O(6,7)","38"
"C(3,18,2)","820"
"C(4,14,10)","1060"
"C(4,14,9)","1059"
"C(1,23,4)","329"
"C(7,9,0)","1887"
"C(3,9,9)","701"
"C(7,15,10)","1972"
"C(1,17,10)","212"
"C(4,6,2)","968"
"C(7,23,14)","2132"
"C(6,14,9)","1656"
"C(2,4,3)","361"
"C(1,15,5)","173"
"C(3,15,1)","767"
"C(1,18,11)","230"
"C(1,2,1)","51"
"C(2,9,2)","395"
"C(3,6,5)","673"
"C(2,19,0)","539"
"C(4,14,12)","1062"
"C(1,23,14)","339"
"C(2,9,0)","394"
"C(1,19,2)","241"
"C(1,11,1)","115"
"C(7,21,9)","2082"
"C(7,14,3)","1950"
"C(1,11,2)","117"
"C(2,11,7)","420"
"C(1,8,8)","93"
"C(7,10,2)","1899"
"C(1,16,14)","199"
"C(3,22,5)","905"
"C(4,8,3)","984"
"C(2,5,2)","365"
"C(6,18,6)","1720"
"C(2,19,19)","557"
"C(7,8,6)","1884"
"C(4,1,1)","949"
"C(5,13,4)","1338"
"C(4,23,22)","1243"
"C(4,15,2)","1067"
"C(4,17,5)","1102"
"C(1,20,18)","277"
"O(7,7)","7"
"C(4,7,7)","980"
"C(6,18,10)","1724"
"O(6,6)","6"
"C(1,6,4)","74"
"C(1,10,1)","103"
"C(1,11,3)","118"
"C(1,4,0)","60"
"C(3,12,2)","727"
"C(1,22,6)","307"
"C(3,23,21)","944"
"C(5,18,14)","1429"
"C(4,22,2)","1200"
"O(2,1)","10"
"C(3,23,2)","925"
"O(6,3)","35"
"C(1,13,9)","149"
"C(3,22,8)","908"
"C(3,17,14)","814"
"C(1,11,9)","124"
"C(2,23,14)","637"
"C(1,20,10)","269"
"C(1,14,9)","163"
"C(7,17,5)","2000"
"C(5,19,2)","1435"
"C(2,18,6)","525"
"C(1,15,2)","170"
"C(3,22,6)","906"
"C(1,23,13)","338"
"C(1,16,0)","186"
"C(2,21,9)","587"
"O(3,1)","9"
"C(1,13,3)","143"
"C(2,18,3)","522"
"C(1,9,1)","95"
"C(4,4,3)","957"
"C(1,23,18)","343"
"O(2,4)","11"
"C(4,20,11)","1165"
"C(1,20,13)","272"
"C(1,3,0)","56"
"O(3,2)","19"
"C(1,18,14)","233"
"C(1,20,9)","268"
"C(1,19,14)","253"
"C(4,20,10)","1164"
"C(3,11,0)","714"
"C(2,17,9)","510"
"C(3,3,2)","654"
"C(3,22,14)","914"
"C(3,15,9)","776"
"C(3,10,3)","705"
"C(1,1,1)","53"
"O(2,5)","13"
"C(1,7,1)","77"
"C(1,12,2)","129"
"C(2,21,19)","597"
"C(3,23,8)","931"
"C(1,14,2)","156"
"C(3,9,3)","695"
"C(2,6,4)","373"
"C(5,12,1)","1323"
"O(1,7)","49"
"C(1,12,7)","134"
"C(2,16,15)","499"
"O(7,1)","18"
"C(2,10,4)","407"
"C(6,19,12)","1745"
"C(5,17,5)","1402"
"O(7,4)","41"
"C(1,19,9)","248"
"C(1,18,13)","232"
"C(1,12,1)","127"
"C(1,18,3)","222"
"C(1,21,2)","282"
"O(1,4)","46"
"C(7,21,1)","2073"
"C(2,18,11)","530"
"C(1,22,4)","305"
"C(4,10,2)","1002"
"O(1,5)","47"
"C(2,14,3)","456"
"C(3,19,7)","844"
"C(2,16,2)","486"
"C(2,14,10)","463"
"C(1,9,6)","100"
"C(7,20,9)","2061"
"C(6,15,15)","1694"
"C(1,7,4)","81"
"C(7,9,5)","1891"
"C(5,21,1)","1475"
"C(1,9,8)","102"
"C(1,3,3)","58"
"C(7,23,9)","2127"
"O(1,6)","48"
"C(5,20,0)","1455"
"C(3,21,7)","885"
"C(7,16,13)","1991"
"C(2,12,2)","428"
"C(3,22,10)","910"
"C(1,2,0)","52"
"C(1,20,6)","265"
"C(1,12,6)","133"
"C(1,15,11)","179"
"C(1,15,0)","169"
"C(2,15,15)","483"
"C(4,12,8)","1031"
"C(2,15,9)","477"
"C(1,4,3)","62"
"C(1,14,1)","155"
"C(2,21,10)","588"
"C(1,13,11)","151"
"C(1,7,2)","79"
"C(3,14,13)","765"
"C(6,18,17)","1731"
"C(3,15,14)","781"
"C(2,22,3)","604"
"C(1,12,8)","135"
"C(1,12,9)","136"
"O(3,4)","20"
"C(5,19,14)","1447"
"C(3,14,6)","758"
"C(1,12,10)","137"
"C(2,22,14)","615"
"C(2,9,8)","401"
"C(1,12,11)","138"
"C(3,19,4)","841"
"C(1,21,7)","287"
"C(1,15,15)","184"
"C(3,5,2)","664"
"C(4,23,12)","1233"
"O(5,1)","14"
"C(4,14,8)","1058"
"C(7,16,7)","1985"
"C(7,14,4)","1951"
"C(5,19,3)","1436"
"C(2,17,12)","513"
"C(1,13,0)","141"
"C(6,8,0)","1579"
"C(1,19,0)","240"
"C(7,21,6)","2079"
"C(6,5,3)","1561"
"C(2,22,4)","605"
"C(2,7,7)","383"
"C(1,16,4)","189"
"C(7,12,5)","1924"
"C(1,13,4)","144"
"C(7,17,17)","2012"
"C(4,10,5)","1005"
"C(5,4,4)","1263"
"C(1,23,15)","340"
"C(6,23,11)","1830"
"C(1,13,5)","145"
"C(4,12,1)","1023"
"C(6,11,11)","1620"
"C(1,15,7)","175"
"C(3,17,5)","805"
"C(1,13,7)","147"
"C(2,19,16)","554"
"C(2,13,7)","446"
"C(2,8,2)","386"
"C(1,13,8)","148"
"C(2,13,3)","442"
"C(4,10,9)","1009"
"C(1,20,14)","273"
"O(5,3)","30"
"C(6,12,0)","1622"
"C(4,22,16)","1214"
"C(1,18,15)","234"
"C(1,8,2)","87"
"C(1,13,13)","153"
"C(1,13,2)","142"
"C(3,19,17)","854"
"C(1,13,10)","150"
"C(1,14,10)","164"
"C(7,11,6)","1914"
"C(1,16,9)","194"
"C(1,15,1)","168"
"C(1,11,5)","120"
"C(2,16,16)","500"
"C(3,22,21)","921"
"C(2,11,6)","419"
"C(7,16,1)","1978"
"C(1,22,10)","311"
"C(6,10,1)","1598"
"C(1,22,7)","308"
"C(1,12,0)","128"
"C(2,23,5)","628"
"C(1,15,3)","171"
"C(2,11,1)","413"
"C(3,23,10)","933"
"C(7,21,19)","2092"
"C(1,15,4)","172"
"C(2,18,14)","533"
"C(6,17,14)","1710"
"C(1,15,9)","177"
"C(2,22,22)","646"
"C(4,12,7)","1030"
"C(7,16,14)","1992"
"C(7,13,7)","1940"
"C(7,11,9)","1917"
"C(1,15,10)","178"
"C(5,6,0)","1266"
"C(2,14,11)","464"
"C(3,20,9)","866"
"C(6,10,2)","1600"
"C(1,18,10)","229"
"C(1,15,13)","181"
"C(5,18,4)","1419"
"C(1,21,6)","286"
"C(7,13,4)","1937"
"C(3,7,3)","677"
"C(7,23,5)","2123"
"C(3,11,5)","718"
"C(4,15,10)","1075"
"C(1,14,14)","183"
"C(6,19,9)","1742"
"C(4,17,9)","1106"
"C(2,5,4)","367"
"C(1,19,4)","243"
"C(2,18,17)","536"
"C(3,12,5)","730"
"C(3,10,6)","708"
"C(1,16,3)","188"
"O(4,7)","28"
"C(3,21,1)","878"
"C(1,16,5)","190"
"C(3,20,17)","874"
"C(1,17,3)","205"
"C(3,22,17)","917"
"C(5,23,18)","1538"
"C(1,22,21)","322"
"C(2,13,10)","449"
"C(7,15,1)","1962"
"C(1,16,6)","191"
"C(1,16,8)","193"
"C(2,22,5)","606"
"C(2,14,6)","459"
"C(1,22,2)","303"
"C(3,21,6)","884"
"C(1,16,11)","196"
"C(1,6,6)","76"
"C(2,23,18)","641"
"C(6,15,8)","1671"
"C(4,11,3)","1014"
"C(4,22,14)","1212"
"O(2,6)","15"
"C(3,16,7)","790"
"C(3,19,0)","838"
"C(6,2,1)","1545"
"C(1,6,0)","71"
"C(4,20,16)","1170"
"C(3,4,4)","661"
"C(3,21,0)","879"
"C(1,10,6)","109"
"C(1,20,8)","267"
"C(1,16,15)","200"
"C(2,18,5)","524"
"C(1,16,16)","201"
"C(1,17,17)","237"
"C(3,21,8)","886"
"C(1,1,0)","50"
"O(6,4)","36"
"C(6,16,12)","1690"
"C(1,17,8)","210"
"C(1,17,12)","214"
"C(2,10,6)","409"
"C(2,14,7)","460"
"C(7,17,4)","1999"
"C(5,20,15)","1469"
"C(1,18,12)","231"
"C(3,9,7)","699"
"C(5,20,4)","1458"
"C(2,11,4)","417"
"C(1,17,13)","215"
"O(5,4)","31"
"C(1,18,4)","223"
"C(2,6,0)","370"
"C(3,23,11)","934"
"C(4,19,17)","1152"
"C(4,15,13)","1078"
"C(1,13,1)","140"
"C(1,18,17)","236"
"C(3,13,12)","750"
"C(2,1,0)","349"
"C(4,9,3)","993"
"C(7,20,8)","2060"
"C(2,8,7)","391"
"C(1,23,19)","344"
"C(7,19,13)","2045"
"C(6,20,9)","1762"
"C(1,22,11)","312"
"C(4,7,3)","976"
"C(1,18,0)","220"
"O(6,2)","34"
"C(5,15,0)","1365"
"C(3,18,18)","836"
"C(1,14,3)","157"
"C(6,23,3)","1822"
"C(1,10,9)","112"
"C(4,10,1)","1000"
"C(2,16,13)","497"
"C(3,2,1)","651"
"C(2,8,6)","390"
"C(1,18,5)","224"
"C(6,13,4)","1638"
"C(1,18,7)","226"
"C(6,21,4)","1778"
"C(6,20,5)","1758"
"C(4,12,4)","1027"
"C(2,16,4)","488"
"C(1,22,14)","315"
"C(2,7,3)","379"
"C(7,20,18)","2070"
"C(1,21,8)","288"
"C(3,21,21)","899"
"C(1,15,8)","176"
"C(1,18,9)","228"
"C(7,16,10)","1988"
"C(6,18,2)","1716"
"C(5,22,15)","1512"
"C(4,15,9)","1074"
"C(1,18,18)","238"
"O(6,1)","16"
"C(2,3,3)","357"
"C(1,19,1)","239"
"C(5,11,6)","1316"
"C(1,19,7)","246"
"O(7,5)","42"
"O(5,7)","33"
"C(3,14,4)","756"
"C(4,13,9)","1045"
"C(1,19,11)","250"
"C(2,19,4)","542"
"C(4,3,3)","958"
"C(1,6,1)","70"
"C(2,19,6)","544"
"C(4,12,2)","1025"
"C(2,19,7)","545"
"C(3,14,12)","764"
"C(3,18,15)","833"
"C(7,9,8)","1894"
"C(2,19,9)","547"
"C(1,18,8)","227"
"C(2,19,10)","548"
"C(6,22,13)","1809"
"C(3,6,2)","670"
"C(6,3,0)","1550"
"C(2,19,11)","549"
"C(4,12,9)","1032"
"C(2,19,13)","551"
"C(5,12,9)","1331"
"C(2,19,15)","553"
"C(5,20,13)","1467"
"C(4,20,20)","1175"
"C(2,19,17)","555"
"C(1,14,11)","165"
"C(2,19,18)","556"
"C(3,22,0)","901"
"C(1,22,17)","318"
"C(3,17,10)","810"
"C(3,15,0)","768"
"C(2,20,1)","559"
"C(2,20,2)","560"
"C(4,21,4)","1180"
"C(3,18,11)","829"
"C(5,21,14)","1489"
"C(2,23,19)","642"
"C(2,20,3)","561"
"C(2,20,7)","565"
"C(6,4,0)","1554"
"C(3,7,5)","679"
"C(4,5,2)","962"
"C(2,20,10)","568"
"C(2,20,12)","570"
"C(4,12,5)","1028"
"C(7,11,11)","1931"
"C(2,20,14)","572"
"C(6,9,1)","1588"
"C(4,6,0)","967"
"C(2,20,15)","573"
"C(7,22,21)","2116"
"C(2,20,18)","576"
"C(5,13,13)","1348"
"C(4,13,1)","1036"
"C(5,23,15)","1535"
"C(1,6,3)","73"
"C(4,17,1)","1097"
"C(5,7,2)","1274"
"C(2,20,19)","577"
"C(2,21,1)","578"
"C(1,21,1)","281"
"C(2,21,3)","581"
"C(6,18,3)","1717"
"C(2,21,5)","583"
"C(2,21,6)","584"
"C(3,23,12)","935"
"C(7,18,13)","2026"
"C(7,4,4)","1856"
"C(4,19,9)","1144"
"C(1,4,2)","61"
"C(2,21,11)","589"
"C(5,10,9)","1308"
"C(2,21,12)","590"
"C(2,21,14)","592"
"C(2,11,5)","418"
"C(2,21,15)","593"
"C(2,21,16)","594"
"C(3,22,9)","909"
"C(4,12,3)","1026"
"C(4,17,3)","1100"
"C(2,13,6)","445"
"C(2,21,21)","600"
"C(2,21,20)","598"
"C(2,22,0)","601"
"C(1,7,5)","82"
"C(3,20,11)","868"
"C(2,22,1)","602"
"C(2,22,2)","603"
"C(4,15,5)","1070"
"C(5,11,5)","1315"
"C(3,15,8)","775"
"C(5,6,1)","1265"
"C(1,17,0)","202"
"C(4,3,2)","953"
"C(1,14,6)","160"
"C(4,16,13)","1094"
"C(5,9,0)","1290"
"C(5,3,2)","1252"
"C(2,22,7)","608"
"C(3,16,11)","794"
"C(2,22,8)","609"
"C(7,20,16)","2068"
"C(6,9,6)","1594"
"C(4,8,8)","989"
"C(2,22,10)","611"
"C(7,15,7)","1969"
"C(6,11,8)","1617"
"C(2,22,11)","612"
"O(2,3)","8"
"C(4,10,8)","1008"
"C(2,22,16)","617"
"C(7,21,2)","2075"
"C(2,12,8)","434"
"C(2,22,18)","619"
"C(7,10,6)","1903"
"C(2,23,1)","623"
"C(2,23,0)","624"
"C(1,14,0)","154"
"C(2,23,2)","625"
"C(2,18,10)","529"
"C(2,23,3)","626"
"C(3,23,18)","941"
"C(2,22,21)","622"
"C(4,16,15)","1096"
"C(4,23,8)","1229"
"C(2,23,4)","627"
"C(5,22,0)","1498"
"C(2,23,6)","629"
"C(6,16,9)","1687"
"C(2,23,9)","632"
"C(2,23,11)","634"
"C(3,10,0)","703"
"C(2,23,12)","635"
"C(5,18,13)","1428"
"C(2,23,15)","638"
"C(3,20,2)","859"
"C(7,21,12)","2085"
"C(1,20,3)","262"
"C(2,23,21)","644"
"C(4,14,4)","1054"
"C(2,17,10)","511"
"C(2,23,22)","645"
"C(3,1,0)","648"
"C(7,19,14)","2046"
"C(6,8,7)","1585"
"C(3,12,8)","733"
"C(2,9,5)","398"
"C(3,1,1)","650"
"C(1,14,12)","166"
"O(1,2)","45"
"C(3,3,1)","652"
"C(6,21,9)","1783"
"C(4,19,11)","1146"
"C(3,13,4)","742"
"C(5,16,1)","1380"
"C(3,3,3)","656"
"C(3,4,1)","657"
"C(4,3,0)","951"
"C(2,20,0)","558"
"C(3,8,3)","686"
"C(3,5,0)","663"
"C(3,5,4)","666"
"C(6,11,9)","1618"
"C(6,6,1)","1564"
"C(3,5,5)","667"
"C(7,11,8)","1916"
"C(7,4,2)","1854"
"C(3,6,0)","668"
"C(3,6,4)","672"
"C(3,7,1)","674"
"C(3,7,0)","675"
"C(3,7,4)","678"
"C(5,22,12)","1509"
"C(4,23,1)","1221"
"C(3,22,7)","907"
"C(7,19,18)","2050"
"C(6,15,11)","1674"
"C(5,21,0)","1476"
"C(3,6,6)","681"
"C(4,11,1)","1011"
"C(3,8,1)","683"
"C(1,5,4)","68"
"C(1,22,18)","319"
"C(3,8,0)","684"
"C(3,8,2)","685"
"C(5,14,5)","1354"
"C(2,18,18)","537"
"C(3,8,4)","687"
"C(7,14,7)","1954"
"C(3,8,5)","688"
"O(6,5)","37"
"C(3,15,4)","771"
"C(5,21,9)","1484"
"C(3,8,6)","689"
"C(3,23,22)","945"
"C(3,8,7)","690"
"C(3,8,8)","691"
"C(7,12,3)","1922"
"C(7,11,2)","1910"
"C(3,9,8)","700"
"C(2,3,2)","356"
"C(3,17,2)","802"
"C(4,12,0)","1024"
"C(4,11,7)","1018"
"C(3,9,1)","692"
"C(3,9,0)","693"
"C(5,23,20)","1540"
"C(3,20,15)","872"
"C(3,22,16)","916"
"C(4,4,1)","954"
"C(2,18,4)","523"
"C(3,3,0)","653"
"C(3,9,4)","696"
"C(3,9,6)","698"
"C(3,16,14)","797"
"C(4,13,6)","1042"
"C(3,10,2)","704"
"C(3,9,2)","694"
"C(3,10,4)","706"
"C(4,16,12)","1093"
"C(3,10,7)","709"
"C(7,14,1)","1947"
"C(4,6,6)","972"
"C(3,10,10)","712"
"C(3,11,1)","713"
"C(1,5,5)","69"
"C(4,9,0)","991"
"C(3,11,3)","716"
"C(3,14,11)","763"
"C(6,21,18)","1792"
"C(3,11,7)","720"
"C(3,19,11)","848"
"C(5,19,13)","1446"
"C(5,9,7)","1296"
"C(3,14,7)","759"
"C(3,11,8)","721"
"C(1,13,12)","152"
"C(3,11,10)","723"
"C(3,17,0)","801"
"C(3,11,11)","724"
"C(3,12,12)","737"
"C(2,10,3)","406"
"C(3,12,1)","725"
"C(7,16,0)","1979"
"C(3,12,0)","726"
"C(1,10,8)","111"
"C(2,22,6)","607"
"C(3,12,3)","728"
"C(2,3,0)","355"
"C(3,12,6)","731"
"C(7,23,18)","2136"
"C(4,22,22)","1220"
"C(3,22,3)","903"
"C(4,8,6)","987"
"C(1,19,12)","251"
"C(3,12,9)","734"
"C(3,12,10)","735"
"C(3,12,11)","736"
"C(4,15,11)","1076"
"C(3,19,5)","842"
"C(3,13,0)","739"
"C(3,13,2)","740"
"C(3,13,10)","748"
"C(2,23,16)","639"
"C(3,13,11)","749"
"C(3,20,10)","867"
"C(3,13,13)","751"
"O(4,2)","24"
"C(3,14,1)","752"
"C(3,14,9)","761"
"C(1,22,16)","317"
"C(2,22,15)","616"
"C(3,23,20)","943"
"C(7,20,20)","2072"
"C(6,15,10)","1673"
"C(3,22,4)","904"
"C(3,14,14)","766"
"C(7,20,15)","2067"
"C(5,22,7)","1504"
"C(3,15,2)","769"
"C(3,15,3)","770"
"C(3,15,5)","772"
"C(7,17,14)","2009"
"C(5,23,9)","1529"
"C(3,15,6)","773"
"C(6,9,3)","1591"
"C(3,15,7)","774"
"C(3,15,10)","777"
"C(6,19,7)","1740"
"C(3,15,12)","779"
"C(5,21,2)","1477"
"C(3,16,1)","783"
"C(5,20,17)","1471"
"C(4,10,10)","1010"
"C(7,22,2)","2097"
"C(1,23,9)","334"
"C(3,16,0)","784"
"C(3,16,3)","786"
"C(2,13,9)","448"
"C(3,16,4)","787"
"C(2,13,0)","440"
"C(1,14,5)","159"
"C(3,16,6)","789"
"C(6,12,12)","1633"
"C(3,16,8)","791"
"C(6,23,8)","1827"
"C(3,16,9)","792"
"O(7,2)","39"
"C(3,16,10)","793"
"C(3,19,6)","843"
"C(3,16,13)","796"
"C(4,16,1)","1082"
"C(3,16,15)","798"
"C(5,18,9)","1424"
"C(2,23,10)","633"
"C(3,16,16)","799"
"C(2,23,8)","631"
"C(3,17,3)","803"
"C(5,16,3)","1383"
"C(3,17,4)","804"
"C(3,17,12)","812"
"C(3,12,7)","732"
"C(3,23,4)","927"
"C(2,15,0)","469"
"C(3,17,6)","806"
"C(3,17,7)","807"
"C(3,17,8)","808"
"C(7,10,4)","1901"
"C(3,17,11)","811"
"C(3,17,15)","815"
"C(2,11,2)","415"
"C(4,7,5)","978"
"C(3,17,16)","816"
"C(3,18,1)","818"
"C(3,18,3)","821"
"C(7,8,2)","1880"
"C(5,10,2)","1301"
"C(3,18,4)","822"
"C(3,18,5)","823"
"O(5,5)","5"
"C(3,18,6)","824"
"C(6,16,13)","1691"
"C(4,10,3)","1003"
"C(5,22,14)","1511"
"C(3,19,18)","855"
"C(3,18,7)","825"
"C(3,4,0)","658"
"C(4,15,8)","1073"
"C(4,19,7)","1142"
"C(3,18,8)","826"
"C(4,22,11)","1209"
"C(3,21,11)","889"
"C(4,5,0)","961"
"C(3,18,9)","827"
"C(3,18,10)","828"
"C(4,20,1)","1154"
"C(3,18,13)","831"
"C(4,6,3)","969"
"C(3,18,14)","832"
"C(3,5,1)","662"
"C(3,19,2)","839"
"C(4,12,11)","1034"
"C(6,12,11)","1632"
"C(4,22,7)","1205"
"C(1,11,11)","126"
"C(2,20,11)","569"
"C(3,19,3)","840"
"C(3,22,15)","915"
"C(2,6,5)","374"
"C(3,19,8)","845"
"C(7,5,1)","1858"
"C(3,19,9)","846"
"C(4,13,12)","1048"
"C(7,17,13)","2008"
"C(7,8,3)","1881"
"C(5,19,4)","1437"
"C(2,15,14)","482"
"C(3,19,10)","847"
"C(5,13,10)","1344"
"C(3,19,12)","849"
"C(4,3,1)","952"
"C(3,19,13)","850"
"C(3,19,14)","851"
"C(3,19,15)","852"
"C(3,19,16)","853"
"C(3,19,19)","856"
"C(6,11,6)","1615"
"C(2,22,12)","613"
"C(3,20,1)","857"
"C(3,20,4)","861"
"C(1,2,2)","54"
"C(3,4,2)","659"
"C(3,20,5)","862"
"C(1,6,5)","75"
"C(3,20,6)","863"
"C(4,21,17)","1193"
"C(3,20,7)","864"
"C(4,17,14)","1111"
"C(3,20,12)","869"
"C(7,10,9)","1906"
"C(3,13,9)","747"
"C(3,21,10)","888"
"C(2,23,17)","640"
"C(3,20,16)","873"
"C(6,15,7)","1670"
"O(5,6)","32"
"C(3,20,18)","875"
"C(3,20,19)","876"
"C(1,5,2)","66"
"C(3,21,3)","881"
"C(4,12,6)","1029"
"C(1,19,3)","242"
"C(3,20,20)","877"
"C(6,7,0)","1571"
"C(3,11,9)","722"
"C(3,22,12)","912"
"C(3,21,2)","880"
"C(3,21,4)","882"
"C(3,21,5)","883"
"C(4,17,15)","1112"
"C(3,19,1)","837"
"C(3,21,9)","887"
"C(4,8,2)","983"
"C(3,21,12)","890"
"C(7,22,9)","2104"
"C(3,21,13)","891"
"C(7,21,10)","2083"
"C(7,8,1)","1879"
"C(5,15,8)","1372"
"C(2,19,8)","546"
"C(3,21,15)","893"
"C(3,21,16)","894"
"C(4,5,4)","964"
"C(7,18,10)","2023"
"C(3,18,17)","835"
"C(3,22,2)","902"
"C(7,17,7)","2002"
"C(3,22,11)","911"
"C(1,19,8)","247"
"C(3,22,18)","918"
"C(3,22,19)","919"
"C(3,22,20)","920"
"C(2,6,1)","369"
"C(3,23,0)","923"
"C(5,14,6)","1355"
"C(1,7,3)","80"
"C(3,23,5)","928"
"C(7,19,16)","2048"
"C(3,17,9)","809"
"C(3,23,6)","929"
"C(2,20,6)","564"
"C(3,23,7)","930"
"C(3,23,9)","932"
"C(2,8,1)","384"
"C(3,23,13)","936"
"C(3,23,14)","937"
"C(1,20,11)","270"
"C(3,23,15)","938"
"C(2,16,11)","495"
"C(2,15,3)","471"
"C(3,23,16)","939"
"C(4,2,1)","947"
"C(5,18,15)","1430"
"C(4,2,2)","950"
"C(7,19,1)","2032"
"C(2,18,1)","519"
"C(4,4,0)","955"
"C(1,11,8)","123"
"C(4,4,4)","959"
"C(1,9,9)","113"
"C(3,15,13)","780"
"C(4,5,1)","960"
"C(2,21,4)","582"
"C(4,5,3)","963"
"C(4,14,3)","1053"
"C(6,14,6)","1653"
"C(4,6,1)","966"
"C(4,6,4)","970"
"C(5,19,6)","1439"
"C(5,17,4)","1401"
"C(4,6,5)","971"
"C(6,11,5)","1614"
"C(4,7,1)","973"
"C(5,11,2)","1312"
"C(2,17,7)","508"
"C(4,7,2)","975"
"C(7,22,6)","2101"
"C(4,7,4)","977"
"C(4,20,4)","1158"
"C(4,17,6)","1103"
"C(4,7,6)","979"
"C(5,19,18)","1451"
"C(4,8,0)","982"
"C(5,18,8)","1423"
"C(4,8,4)","985"
"C(4,8,5)","986"
"C(4,8,7)","988"
"C(2,19,12)","550"
"C(4,9,4)","994"
"C(4,9,6)","996"
"C(6,21,14)","1788"
"C(5,7,5)","1277"
"C(4,9,7)","997"
"C(4,9,8)","998"
"C(4,16,4)","1085"
"C(7,22,18)","2113"
"C(4,10,4)","1004"
"C(3,21,20)","898"
"C(4,11,0)","1012"
"C(4,10,6)","1006"
"C(4,10,7)","1007"
"C(4,11,4)","1015"
"C(5,22,9)","1506"
"C(4,11,5)","1016"
"C(4,11,6)","1017"
"C(6,12,6)","1627"
"C(4,17,16)","1113"
"C(4,11,8)","1019"
"C(4,11,11)","1022"
"C(5,8,4)","1284"
"C(4,13,0)","1037"
"C(6,14,13)","1660"
"C(2,17,6)","507"
"C(4,13,3)","1039"
"C(4,9,1)","990"
"C(4,13,7)","1043"
"C(4,13,10)","1046"
"C(6,23,7)","1826"
"C(4,13,11)","1047"
"C(6,20,7)","1760"
"C(3,12,4)","729"
"C(2,22,20)","621"
"C(4,10,0)","1001"
"C(4,13,13)","1049"
"C(4,14,2)","1052"
"C(4,16,14)","1095"
"C(6,20,2)","1755"
"C(4,14,5)","1055"
"C(4,14,6)","1056"
"C(6,9,8)","1596"
"C(4,14,7)","1057"
"C(4,14,11)","1061"
"C(2,13,4)","443"
"C(4,14,14)","1064"
"C(5,19,7)","1440"
"C(4,15,1)","1065"
"C(2,7,2)","378"
"C(4,15,3)","1068"
"C(4,23,11)","1232"
"C(4,20,12)","1166"
"C(4,15,7)","1072"
"C(4,15,12)","1077"
"C(6,19,1)","1733"
"C(5,8,6)","1286"
"C(4,15,14)","1079"
"C(4,15,15)","1080"
"C(7,8,8)","1895"
"C(4,16,0)","1081"
"C(3,20,14)","871"
"C(4,16,2)","1083"
"C(6,23,17)","1836"
"C(4,20,2)","1156"
"C(3,21,19)","897"
"C(4,16,3)","1084"
"C(7,14,9)","1956"
"C(4,16,6)","1087"
"C(7,7,0)","1871"
"C(2,11,11)","425"
"C(1,4,1)","59"
"C(4,17,11)","1108"
"C(4,16,9)","1090"
"C(5,11,3)","1313"
"C(4,16,11)","1092"
"C(4,17,0)","1098"
"C(3,18,16)","834"
"C(4,17,7)","1104"
"C(5,20,14)","1468"
"C(4,15,4)","1069"
"C(4,17,8)","1105"
"C(4,17,10)","1107"
"C(4,19,12)","1147"
"C(4,17,12)","1109"
